--
-- PostgreSQL database dump
--

-- Dumped from database version 14.17 (Ubuntu 14.17-0ubuntu0.22.04.1)
-- Dumped by pg_dump version 14.17 (Ubuntu 14.17-0ubuntu0.22.04.1)

SET statement_timeout = 0;
SET lock_timeout = 0;
SET idle_in_transaction_session_timeout = 0;
SET client_encoding = 'UTF8';
SET standard_conforming_strings = on;
SELECT pg_catalog.set_config('search_path', '', false);
SET check_function_bodies = false;
SET xmloption = content;
SET client_min_messages = warning;
SET row_security = off;

SET default_tablespace = '';

SET default_table_access_method = heap;

--
-- Name: auth_group; Type: TABLE; Schema: public; Owner: wiki_user
--

CREATE TABLE public.auth_group (
    id integer NOT NULL,
    name character varying(150) NOT NULL
);


ALTER TABLE public.auth_group OWNER TO wiki_user;

--
-- Name: auth_group_id_seq; Type: SEQUENCE; Schema: public; Owner: wiki_user
--

ALTER TABLE public.auth_group ALTER COLUMN id ADD GENERATED BY DEFAULT AS IDENTITY (
    SEQUENCE NAME public.auth_group_id_seq
    START WITH 1
    INCREMENT BY 1
    NO MINVALUE
    NO MAXVALUE
    CACHE 1
);


--
-- Name: auth_group_permissions; Type: TABLE; Schema: public; Owner: wiki_user
--

CREATE TABLE public.auth_group_permissions (
    id bigint NOT NULL,
    group_id integer NOT NULL,
    permission_id integer NOT NULL
);


ALTER TABLE public.auth_group_permissions OWNER TO wiki_user;

--
-- Name: auth_group_permissions_id_seq; Type: SEQUENCE; Schema: public; Owner: wiki_user
--

ALTER TABLE public.auth_group_permissions ALTER COLUMN id ADD GENERATED BY DEFAULT AS IDENTITY (
    SEQUENCE NAME public.auth_group_permissions_id_seq
    START WITH 1
    INCREMENT BY 1
    NO MINVALUE
    NO MAXVALUE
    CACHE 1
);


--
-- Name: auth_permission; Type: TABLE; Schema: public; Owner: wiki_user
--

CREATE TABLE public.auth_permission (
    id integer NOT NULL,
    name character varying(255) NOT NULL,
    content_type_id integer NOT NULL,
    codename character varying(100) NOT NULL
);


ALTER TABLE public.auth_permission OWNER TO wiki_user;

--
-- Name: auth_permission_id_seq; Type: SEQUENCE; Schema: public; Owner: wiki_user
--

ALTER TABLE public.auth_permission ALTER COLUMN id ADD GENERATED BY DEFAULT AS IDENTITY (
    SEQUENCE NAME public.auth_permission_id_seq
    START WITH 1
    INCREMENT BY 1
    NO MINVALUE
    NO MAXVALUE
    CACHE 1
);


--
-- Name: auth_user; Type: TABLE; Schema: public; Owner: wiki_user
--

CREATE TABLE public.auth_user (
    id integer NOT NULL,
    password character varying(128) NOT NULL,
    last_login timestamp with time zone,
    is_superuser boolean NOT NULL,
    username character varying(150) NOT NULL,
    first_name character varying(150) NOT NULL,
    last_name character varying(150) NOT NULL,
    email character varying(254) NOT NULL,
    is_staff boolean NOT NULL,
    is_active boolean NOT NULL,
    date_joined timestamp with time zone NOT NULL
);


ALTER TABLE public.auth_user OWNER TO wiki_user;

--
-- Name: auth_user_groups; Type: TABLE; Schema: public; Owner: wiki_user
--

CREATE TABLE public.auth_user_groups (
    id bigint NOT NULL,
    user_id integer NOT NULL,
    group_id integer NOT NULL
);


ALTER TABLE public.auth_user_groups OWNER TO wiki_user;

--
-- Name: auth_user_groups_id_seq; Type: SEQUENCE; Schema: public; Owner: wiki_user
--

ALTER TABLE public.auth_user_groups ALTER COLUMN id ADD GENERATED BY DEFAULT AS IDENTITY (
    SEQUENCE NAME public.auth_user_groups_id_seq
    START WITH 1
    INCREMENT BY 1
    NO MINVALUE
    NO MAXVALUE
    CACHE 1
);


--
-- Name: auth_user_id_seq; Type: SEQUENCE; Schema: public; Owner: wiki_user
--

ALTER TABLE public.auth_user ALTER COLUMN id ADD GENERATED BY DEFAULT AS IDENTITY (
    SEQUENCE NAME public.auth_user_id_seq
    START WITH 1
    INCREMENT BY 1
    NO MINVALUE
    NO MAXVALUE
    CACHE 1
);


--
-- Name: auth_user_user_permissions; Type: TABLE; Schema: public; Owner: wiki_user
--

CREATE TABLE public.auth_user_user_permissions (
    id bigint NOT NULL,
    user_id integer NOT NULL,
    permission_id integer NOT NULL
);


ALTER TABLE public.auth_user_user_permissions OWNER TO wiki_user;

--
-- Name: auth_user_user_permissions_id_seq; Type: SEQUENCE; Schema: public; Owner: wiki_user
--

ALTER TABLE public.auth_user_user_permissions ALTER COLUMN id ADD GENERATED BY DEFAULT AS IDENTITY (
    SEQUENCE NAME public.auth_user_user_permissions_id_seq
    START WITH 1
    INCREMENT BY 1
    NO MINVALUE
    NO MAXVALUE
    CACHE 1
);


--
-- Name: campaigns_campaign; Type: TABLE; Schema: public; Owner: wiki_user
--

CREATE TABLE public.campaigns_campaign (
    id bigint NOT NULL,
    title character varying(200) NOT NULL,
    description text NOT NULL,
    start_date date NOT NULL,
    end_date date,
    slug character varying(50) NOT NULL
);


ALTER TABLE public.campaigns_campaign OWNER TO wiki_user;

--
-- Name: campaigns_campaign_id_seq; Type: SEQUENCE; Schema: public; Owner: wiki_user
--

ALTER TABLE public.campaigns_campaign ALTER COLUMN id ADD GENERATED BY DEFAULT AS IDENTITY (
    SEQUENCE NAME public.campaigns_campaign_id_seq
    START WITH 1
    INCREMENT BY 1
    NO MINVALUE
    NO MAXVALUE
    CACHE 1
);


--
-- Name: characters_character; Type: TABLE; Schema: public; Owner: wiki_user
--

CREATE TABLE public.characters_character (
    id bigint NOT NULL,
    name character varying(100) NOT NULL,
    race character varying(50) NOT NULL,
    alignment character varying(50) NOT NULL,
    backstory text NOT NULL,
    campaign_id bigint NOT NULL
);


ALTER TABLE public.characters_character OWNER TO wiki_user;

--
-- Name: characters_character_id_seq; Type: SEQUENCE; Schema: public; Owner: wiki_user
--

ALTER TABLE public.characters_character ALTER COLUMN id ADD GENERATED BY DEFAULT AS IDENTITY (
    SEQUENCE NAME public.characters_character_id_seq
    START WITH 1
    INCREMENT BY 1
    NO MINVALUE
    NO MAXVALUE
    CACHE 1
);


--
-- Name: characters_nonplayercharacter; Type: TABLE; Schema: public; Owner: wiki_user
--

CREATE TABLE public.characters_nonplayercharacter (
    character_ptr_id bigint NOT NULL,
    role character varying(50) NOT NULL
);


ALTER TABLE public.characters_nonplayercharacter OWNER TO wiki_user;

--
-- Name: characters_playercharacter; Type: TABLE; Schema: public; Owner: wiki_user
--

CREATE TABLE public.characters_playercharacter (
    character_ptr_id bigint NOT NULL,
    character_class character varying(50) NOT NULL,
    player_name character varying(100) NOT NULL,
    character_sheet character varying(100)
);


ALTER TABLE public.characters_playercharacter OWNER TO wiki_user;

--
-- Name: django_admin_log; Type: TABLE; Schema: public; Owner: wiki_user
--

CREATE TABLE public.django_admin_log (
    id integer NOT NULL,
    action_time timestamp with time zone NOT NULL,
    object_id text,
    object_repr character varying(200) NOT NULL,
    action_flag smallint NOT NULL,
    change_message text NOT NULL,
    content_type_id integer,
    user_id integer NOT NULL,
    CONSTRAINT django_admin_log_action_flag_check CHECK ((action_flag >= 0))
);


ALTER TABLE public.django_admin_log OWNER TO wiki_user;

--
-- Name: django_admin_log_id_seq; Type: SEQUENCE; Schema: public; Owner: wiki_user
--

ALTER TABLE public.django_admin_log ALTER COLUMN id ADD GENERATED BY DEFAULT AS IDENTITY (
    SEQUENCE NAME public.django_admin_log_id_seq
    START WITH 1
    INCREMENT BY 1
    NO MINVALUE
    NO MAXVALUE
    CACHE 1
);


--
-- Name: django_content_type; Type: TABLE; Schema: public; Owner: wiki_user
--

CREATE TABLE public.django_content_type (
    id integer NOT NULL,
    app_label character varying(100) NOT NULL,
    model character varying(100) NOT NULL
);


ALTER TABLE public.django_content_type OWNER TO wiki_user;

--
-- Name: django_content_type_id_seq; Type: SEQUENCE; Schema: public; Owner: wiki_user
--

ALTER TABLE public.django_content_type ALTER COLUMN id ADD GENERATED BY DEFAULT AS IDENTITY (
    SEQUENCE NAME public.django_content_type_id_seq
    START WITH 1
    INCREMENT BY 1
    NO MINVALUE
    NO MAXVALUE
    CACHE 1
);


--
-- Name: django_migrations; Type: TABLE; Schema: public; Owner: wiki_user
--

CREATE TABLE public.django_migrations (
    id bigint NOT NULL,
    app character varying(255) NOT NULL,
    name character varying(255) NOT NULL,
    applied timestamp with time zone NOT NULL
);


ALTER TABLE public.django_migrations OWNER TO wiki_user;

--
-- Name: django_migrations_id_seq; Type: SEQUENCE; Schema: public; Owner: wiki_user
--

ALTER TABLE public.django_migrations ALTER COLUMN id ADD GENERATED BY DEFAULT AS IDENTITY (
    SEQUENCE NAME public.django_migrations_id_seq
    START WITH 1
    INCREMENT BY 1
    NO MINVALUE
    NO MAXVALUE
    CACHE 1
);


--
-- Name: django_session; Type: TABLE; Schema: public; Owner: wiki_user
--

CREATE TABLE public.django_session (
    session_key character varying(40) NOT NULL,
    session_data text NOT NULL,
    expire_date timestamp with time zone NOT NULL
);


ALTER TABLE public.django_session OWNER TO wiki_user;

--
-- Name: items_item; Type: TABLE; Schema: public; Owner: wiki_user
--

CREATE TABLE public.items_item (
    id bigint NOT NULL,
    name character varying(50) NOT NULL,
    rarity character varying(50) NOT NULL,
    is_magic boolean NOT NULL,
    requires_attunement boolean NOT NULL,
    description text NOT NULL
);


ALTER TABLE public.items_item OWNER TO wiki_user;

--
-- Name: items_item_id_seq; Type: SEQUENCE; Schema: public; Owner: wiki_user
--

ALTER TABLE public.items_item ALTER COLUMN id ADD GENERATED BY DEFAULT AS IDENTITY (
    SEQUENCE NAME public.items_item_id_seq
    START WITH 1
    INCREMENT BY 1
    NO MINVALUE
    NO MAXVALUE
    CACHE 1
);


--
-- Name: locations_location; Type: TABLE; Schema: public; Owner: wiki_user
--

CREATE TABLE public.locations_location (
    id bigint NOT NULL,
    name character varying(50) NOT NULL,
    major_geographical_area character varying(50) NOT NULL,
    description text NOT NULL
);


ALTER TABLE public.locations_location OWNER TO wiki_user;

--
-- Name: locations_location_id_seq; Type: SEQUENCE; Schema: public; Owner: wiki_user
--

ALTER TABLE public.locations_location ALTER COLUMN id ADD GENERATED BY DEFAULT AS IDENTITY (
    SEQUENCE NAME public.locations_location_id_seq
    START WITH 1
    INCREMENT BY 1
    NO MINVALUE
    NO MAXVALUE
    CACHE 1
);


--
-- Data for Name: auth_group; Type: TABLE DATA; Schema: public; Owner: wiki_user
--

COPY public.auth_group (id, name) FROM stdin;
\.


--
-- Data for Name: auth_group_permissions; Type: TABLE DATA; Schema: public; Owner: wiki_user
--

COPY public.auth_group_permissions (id, group_id, permission_id) FROM stdin;
\.


--
-- Data for Name: auth_permission; Type: TABLE DATA; Schema: public; Owner: wiki_user
--

COPY public.auth_permission (id, name, content_type_id, codename) FROM stdin;
1	Can add log entry	1	add_logentry
2	Can change log entry	1	change_logentry
3	Can delete log entry	1	delete_logentry
4	Can view log entry	1	view_logentry
5	Can add permission	2	add_permission
6	Can change permission	2	change_permission
7	Can delete permission	2	delete_permission
8	Can view permission	2	view_permission
9	Can add group	3	add_group
10	Can change group	3	change_group
11	Can delete group	3	delete_group
12	Can view group	3	view_group
13	Can add user	4	add_user
14	Can change user	4	change_user
15	Can delete user	4	delete_user
16	Can view user	4	view_user
17	Can add content type	5	add_contenttype
18	Can change content type	5	change_contenttype
19	Can delete content type	5	delete_contenttype
20	Can view content type	5	view_contenttype
21	Can add session	6	add_session
22	Can change session	6	change_session
23	Can delete session	6	delete_session
24	Can view session	6	view_session
25	Can add campaign	7	add_campaign
26	Can change campaign	7	change_campaign
27	Can delete campaign	7	delete_campaign
28	Can view campaign	7	view_campaign
29	Can add character	8	add_character
30	Can change character	8	change_character
31	Can delete character	8	delete_character
32	Can view character	8	view_character
33	Can add player character	9	add_playercharacter
34	Can change player character	9	change_playercharacter
35	Can delete player character	9	delete_playercharacter
36	Can view player character	9	view_playercharacter
37	Can add non player character	10	add_nonplayercharacter
38	Can change non player character	10	change_nonplayercharacter
39	Can delete non player character	10	delete_nonplayercharacter
40	Can view non player character	10	view_nonplayercharacter
41	Can add location	11	add_location
42	Can change location	11	change_location
43	Can delete location	11	delete_location
44	Can view location	11	view_location
45	Can add item	12	add_item
46	Can change item	12	change_item
47	Can delete item	12	delete_item
48	Can view item	12	view_item
\.


--
-- Data for Name: auth_user; Type: TABLE DATA; Schema: public; Owner: wiki_user
--

COPY public.auth_user (id, password, last_login, is_superuser, username, first_name, last_name, email, is_staff, is_active, date_joined) FROM stdin;
1	pbkdf2_sha256$870000$KZuZ9NFShsZztx7MaikJzO$onADa/8dufcYXY79+2fm1hS8R5zIsOtFoetuzzrtGCY=	2025-03-17 16:23:03.446694+01	t	DM			camillo.colleluori@gmail.com	t	t	2025-03-17 16:19:43.304692+01
\.


--
-- Data for Name: auth_user_groups; Type: TABLE DATA; Schema: public; Owner: wiki_user
--

COPY public.auth_user_groups (id, user_id, group_id) FROM stdin;
\.


--
-- Data for Name: auth_user_user_permissions; Type: TABLE DATA; Schema: public; Owner: wiki_user
--

COPY public.auth_user_user_permissions (id, user_id, permission_id) FROM stdin;
\.


--
-- Data for Name: campaigns_campaign; Type: TABLE DATA; Schema: public; Owner: wiki_user
--

COPY public.campaigns_campaign (id, title, description, start_date, end_date, slug) FROM stdin;
1	Tales of Molise	First campaign example text	2025-03-19	\N	tales-of-molise
2	Dummy campaign 1	text	2025-03-20	\N	dummy-campaign-1
3	Dummy campaign 2	description 2	2025-03-20	\N	dummy-campaign-2
\.


--
-- Data for Name: characters_character; Type: TABLE DATA; Schema: public; Owner: wiki_user
--

COPY public.characters_character (id, name, race, alignment, backstory, campaign_id) FROM stdin;
\.


--
-- Data for Name: characters_nonplayercharacter; Type: TABLE DATA; Schema: public; Owner: wiki_user
--

COPY public.characters_nonplayercharacter (character_ptr_id, role) FROM stdin;
\.


--
-- Data for Name: characters_playercharacter; Type: TABLE DATA; Schema: public; Owner: wiki_user
--

COPY public.characters_playercharacter (character_ptr_id, character_class, player_name, character_sheet) FROM stdin;
\.


--
-- Data for Name: django_admin_log; Type: TABLE DATA; Schema: public; Owner: wiki_user
--

COPY public.django_admin_log (id, action_time, object_id, object_repr, action_flag, change_message, content_type_id, user_id) FROM stdin;
1	2025-03-19 14:14:23.73888+01	1	Tales of Molise	1	[{"added": {}}]	7	1
2	2025-03-20 13:17:39.694135+01	2	Dummy campaign 1	1	[{"added": {}}]	7	1
3	2025-03-20 13:18:02.50932+01	3	Dummy campaign 2	1	[{"added": {}}]	7	1
\.


--
-- Data for Name: django_content_type; Type: TABLE DATA; Schema: public; Owner: wiki_user
--

COPY public.django_content_type (id, app_label, model) FROM stdin;
1	admin	logentry
2	auth	permission
3	auth	group
4	auth	user
5	contenttypes	contenttype
6	sessions	session
7	campaigns	campaign
8	characters	character
9	characters	playercharacter
10	characters	nonplayercharacter
11	locations	location
12	items	item
\.


--
-- Data for Name: django_migrations; Type: TABLE DATA; Schema: public; Owner: wiki_user
--

COPY public.django_migrations (id, app, name, applied) FROM stdin;
1	contenttypes	0001_initial	2025-03-17 16:10:39.385602+01
2	auth	0001_initial	2025-03-17 16:10:39.444639+01
3	admin	0001_initial	2025-03-17 16:10:39.456978+01
4	admin	0002_logentry_remove_auto_add	2025-03-17 16:10:39.461808+01
5	admin	0003_logentry_add_action_flag_choices	2025-03-17 16:10:39.466814+01
6	contenttypes	0002_remove_content_type_name	2025-03-17 16:10:39.476649+01
7	auth	0002_alter_permission_name_max_length	2025-03-17 16:10:39.4819+01
8	auth	0003_alter_user_email_max_length	2025-03-17 16:10:39.486873+01
9	auth	0004_alter_user_username_opts	2025-03-17 16:10:39.492563+01
10	auth	0005_alter_user_last_login_null	2025-03-17 16:10:39.496902+01
11	auth	0006_require_contenttypes_0002	2025-03-17 16:10:39.499417+01
12	auth	0007_alter_validators_add_error_messages	2025-03-17 16:10:39.503433+01
13	auth	0008_alter_user_username_max_length	2025-03-17 16:10:39.51158+01
14	auth	0009_alter_user_last_name_max_length	2025-03-17 16:10:39.51758+01
15	auth	0010_alter_group_name_max_length	2025-03-17 16:10:39.524185+01
16	auth	0011_update_proxy_permissions	2025-03-17 16:10:39.52869+01
17	auth	0012_alter_user_first_name_max_length	2025-03-17 16:10:39.534797+01
18	sessions	0001_initial	2025-03-17 16:10:39.545302+01
19	campaigns	0001_initial	2025-03-17 19:41:46.564738+01
20	characters	0001_initial	2025-03-17 19:41:46.590106+01
21	items	0001_initial	2025-03-19 12:59:33.008142+01
22	locations	0001_initial	2025-03-19 12:59:33.017142+01
23	campaigns	0002_campaign_slug	2025-03-20 18:58:09.296215+01
24	campaigns	0003_populate_campaign_slugs	2025-03-20 18:58:09.308741+01
25	campaigns	0004_alter_campaign_slug	2025-03-20 18:58:09.330946+01
\.


--
-- Data for Name: django_session; Type: TABLE DATA; Schema: public; Owner: wiki_user
--

COPY public.django_session (session_key, session_data, expire_date) FROM stdin;
okn46bpo7qs52uc2rszrd37si636vvh5	.eJxVjMsOwiAQRf-FtSFQ3i7d-w1khgGpGkhKuzL-uzbpQrf3nHNfLMK21riNvMSZ2JlJdvrdENIjtx3QHdqt89TbuszId4UfdPBrp_y8HO7fQYVRv7WQ0roEk3EYUAgiY20Itmjnlc7OgCftkpHeYyCyqLxDzN6CEkVMVNj7A8QtN4g:1tuCIx:1l5ztAtzxZtoHf0425K0i_knxOguXPYKst8nf4SI_eY	2025-03-31 17:23:03.448697+02
\.


--
-- Data for Name: items_item; Type: TABLE DATA; Schema: public; Owner: wiki_user
--

COPY public.items_item (id, name, rarity, is_magic, requires_attunement, description) FROM stdin;
\.


--
-- Data for Name: locations_location; Type: TABLE DATA; Schema: public; Owner: wiki_user
--

COPY public.locations_location (id, name, major_geographical_area, description) FROM stdin;
\.


--
-- Name: auth_group_id_seq; Type: SEQUENCE SET; Schema: public; Owner: wiki_user
--

SELECT pg_catalog.setval('public.auth_group_id_seq', 1, false);


--
-- Name: auth_group_permissions_id_seq; Type: SEQUENCE SET; Schema: public; Owner: wiki_user
--

SELECT pg_catalog.setval('public.auth_group_permissions_id_seq', 1, false);


--
-- Name: auth_permission_id_seq; Type: SEQUENCE SET; Schema: public; Owner: wiki_user
--

SELECT pg_catalog.setval('public.auth_permission_id_seq', 48, true);


--
-- Name: auth_user_groups_id_seq; Type: SEQUENCE SET; Schema: public; Owner: wiki_user
--

SELECT pg_catalog.setval('public.auth_user_groups_id_seq', 1, false);


--
-- Name: auth_user_id_seq; Type: SEQUENCE SET; Schema: public; Owner: wiki_user
--

SELECT pg_catalog.setval('public.auth_user_id_seq', 1, true);


--
-- Name: auth_user_user_permissions_id_seq; Type: SEQUENCE SET; Schema: public; Owner: wiki_user
--

SELECT pg_catalog.setval('public.auth_user_user_permissions_id_seq', 1, false);


--
-- Name: campaigns_campaign_id_seq; Type: SEQUENCE SET; Schema: public; Owner: wiki_user
--

SELECT pg_catalog.setval('public.campaigns_campaign_id_seq', 3, true);


--
-- Name: characters_character_id_seq; Type: SEQUENCE SET; Schema: public; Owner: wiki_user
--

SELECT pg_catalog.setval('public.characters_character_id_seq', 1, false);


--
-- Name: django_admin_log_id_seq; Type: SEQUENCE SET; Schema: public; Owner: wiki_user
--

SELECT pg_catalog.setval('public.django_admin_log_id_seq', 3, true);


--
-- Name: django_content_type_id_seq; Type: SEQUENCE SET; Schema: public; Owner: wiki_user
--

SELECT pg_catalog.setval('public.django_content_type_id_seq', 12, true);


--
-- Name: django_migrations_id_seq; Type: SEQUENCE SET; Schema: public; Owner: wiki_user
--

SELECT pg_catalog.setval('public.django_migrations_id_seq', 25, true);


--
-- Name: items_item_id_seq; Type: SEQUENCE SET; Schema: public; Owner: wiki_user
--

SELECT pg_catalog.setval('public.items_item_id_seq', 1, false);


--
-- Name: locations_location_id_seq; Type: SEQUENCE SET; Schema: public; Owner: wiki_user
--

SELECT pg_catalog.setval('public.locations_location_id_seq', 1, false);


--
-- Name: auth_group auth_group_name_key; Type: CONSTRAINT; Schema: public; Owner: wiki_user
--

ALTER TABLE ONLY public.auth_group
    ADD CONSTRAINT auth_group_name_key UNIQUE (name);


--
-- Name: auth_group_permissions auth_group_permissions_group_id_permission_id_0cd325b0_uniq; Type: CONSTRAINT; Schema: public; Owner: wiki_user
--

ALTER TABLE ONLY public.auth_group_permissions
    ADD CONSTRAINT auth_group_permissions_group_id_permission_id_0cd325b0_uniq UNIQUE (group_id, permission_id);


--
-- Name: auth_group_permissions auth_group_permissions_pkey; Type: CONSTRAINT; Schema: public; Owner: wiki_user
--

ALTER TABLE ONLY public.auth_group_permissions
    ADD CONSTRAINT auth_group_permissions_pkey PRIMARY KEY (id);


--
-- Name: auth_group auth_group_pkey; Type: CONSTRAINT; Schema: public; Owner: wiki_user
--

ALTER TABLE ONLY public.auth_group
    ADD CONSTRAINT auth_group_pkey PRIMARY KEY (id);


--
-- Name: auth_permission auth_permission_content_type_id_codename_01ab375a_uniq; Type: CONSTRAINT; Schema: public; Owner: wiki_user
--

ALTER TABLE ONLY public.auth_permission
    ADD CONSTRAINT auth_permission_content_type_id_codename_01ab375a_uniq UNIQUE (content_type_id, codename);


--
-- Name: auth_permission auth_permission_pkey; Type: CONSTRAINT; Schema: public; Owner: wiki_user
--

ALTER TABLE ONLY public.auth_permission
    ADD CONSTRAINT auth_permission_pkey PRIMARY KEY (id);


--
-- Name: auth_user_groups auth_user_groups_pkey; Type: CONSTRAINT; Schema: public; Owner: wiki_user
--

ALTER TABLE ONLY public.auth_user_groups
    ADD CONSTRAINT auth_user_groups_pkey PRIMARY KEY (id);


--
-- Name: auth_user_groups auth_user_groups_user_id_group_id_94350c0c_uniq; Type: CONSTRAINT; Schema: public; Owner: wiki_user
--

ALTER TABLE ONLY public.auth_user_groups
    ADD CONSTRAINT auth_user_groups_user_id_group_id_94350c0c_uniq UNIQUE (user_id, group_id);


--
-- Name: auth_user auth_user_pkey; Type: CONSTRAINT; Schema: public; Owner: wiki_user
--

ALTER TABLE ONLY public.auth_user
    ADD CONSTRAINT auth_user_pkey PRIMARY KEY (id);


--
-- Name: auth_user_user_permissions auth_user_user_permissions_pkey; Type: CONSTRAINT; Schema: public; Owner: wiki_user
--

ALTER TABLE ONLY public.auth_user_user_permissions
    ADD CONSTRAINT auth_user_user_permissions_pkey PRIMARY KEY (id);


--
-- Name: auth_user_user_permissions auth_user_user_permissions_user_id_permission_id_14a6b632_uniq; Type: CONSTRAINT; Schema: public; Owner: wiki_user
--

ALTER TABLE ONLY public.auth_user_user_permissions
    ADD CONSTRAINT auth_user_user_permissions_user_id_permission_id_14a6b632_uniq UNIQUE (user_id, permission_id);


--
-- Name: auth_user auth_user_username_key; Type: CONSTRAINT; Schema: public; Owner: wiki_user
--

ALTER TABLE ONLY public.auth_user
    ADD CONSTRAINT auth_user_username_key UNIQUE (username);


--
-- Name: campaigns_campaign campaigns_campaign_pkey; Type: CONSTRAINT; Schema: public; Owner: wiki_user
--

ALTER TABLE ONLY public.campaigns_campaign
    ADD CONSTRAINT campaigns_campaign_pkey PRIMARY KEY (id);


--
-- Name: campaigns_campaign campaigns_campaign_slug_08eb9673_uniq; Type: CONSTRAINT; Schema: public; Owner: wiki_user
--

ALTER TABLE ONLY public.campaigns_campaign
    ADD CONSTRAINT campaigns_campaign_slug_08eb9673_uniq UNIQUE (slug);


--
-- Name: campaigns_campaign campaigns_campaign_title_key; Type: CONSTRAINT; Schema: public; Owner: wiki_user
--

ALTER TABLE ONLY public.campaigns_campaign
    ADD CONSTRAINT campaigns_campaign_title_key UNIQUE (title);


--
-- Name: characters_character characters_character_pkey; Type: CONSTRAINT; Schema: public; Owner: wiki_user
--

ALTER TABLE ONLY public.characters_character
    ADD CONSTRAINT characters_character_pkey PRIMARY KEY (id);


--
-- Name: characters_nonplayercharacter characters_nonplayercharacter_pkey; Type: CONSTRAINT; Schema: public; Owner: wiki_user
--

ALTER TABLE ONLY public.characters_nonplayercharacter
    ADD CONSTRAINT characters_nonplayercharacter_pkey PRIMARY KEY (character_ptr_id);


--
-- Name: characters_playercharacter characters_playercharacter_pkey; Type: CONSTRAINT; Schema: public; Owner: wiki_user
--

ALTER TABLE ONLY public.characters_playercharacter
    ADD CONSTRAINT characters_playercharacter_pkey PRIMARY KEY (character_ptr_id);


--
-- Name: django_admin_log django_admin_log_pkey; Type: CONSTRAINT; Schema: public; Owner: wiki_user
--

ALTER TABLE ONLY public.django_admin_log
    ADD CONSTRAINT django_admin_log_pkey PRIMARY KEY (id);


--
-- Name: django_content_type django_content_type_app_label_model_76bd3d3b_uniq; Type: CONSTRAINT; Schema: public; Owner: wiki_user
--

ALTER TABLE ONLY public.django_content_type
    ADD CONSTRAINT django_content_type_app_label_model_76bd3d3b_uniq UNIQUE (app_label, model);


--
-- Name: django_content_type django_content_type_pkey; Type: CONSTRAINT; Schema: public; Owner: wiki_user
--

ALTER TABLE ONLY public.django_content_type
    ADD CONSTRAINT django_content_type_pkey PRIMARY KEY (id);


--
-- Name: django_migrations django_migrations_pkey; Type: CONSTRAINT; Schema: public; Owner: wiki_user
--

ALTER TABLE ONLY public.django_migrations
    ADD CONSTRAINT django_migrations_pkey PRIMARY KEY (id);


--
-- Name: django_session django_session_pkey; Type: CONSTRAINT; Schema: public; Owner: wiki_user
--

ALTER TABLE ONLY public.django_session
    ADD CONSTRAINT django_session_pkey PRIMARY KEY (session_key);


--
-- Name: items_item items_item_pkey; Type: CONSTRAINT; Schema: public; Owner: wiki_user
--

ALTER TABLE ONLY public.items_item
    ADD CONSTRAINT items_item_pkey PRIMARY KEY (id);


--
-- Name: locations_location locations_location_pkey; Type: CONSTRAINT; Schema: public; Owner: wiki_user
--

ALTER TABLE ONLY public.locations_location
    ADD CONSTRAINT locations_location_pkey PRIMARY KEY (id);


--
-- Name: auth_group_name_a6ea08ec_like; Type: INDEX; Schema: public; Owner: wiki_user
--

CREATE INDEX auth_group_name_a6ea08ec_like ON public.auth_group USING btree (name varchar_pattern_ops);


--
-- Name: auth_group_permissions_group_id_b120cbf9; Type: INDEX; Schema: public; Owner: wiki_user
--

CREATE INDEX auth_group_permissions_group_id_b120cbf9 ON public.auth_group_permissions USING btree (group_id);


--
-- Name: auth_group_permissions_permission_id_84c5c92e; Type: INDEX; Schema: public; Owner: wiki_user
--

CREATE INDEX auth_group_permissions_permission_id_84c5c92e ON public.auth_group_permissions USING btree (permission_id);


--
-- Name: auth_permission_content_type_id_2f476e4b; Type: INDEX; Schema: public; Owner: wiki_user
--

CREATE INDEX auth_permission_content_type_id_2f476e4b ON public.auth_permission USING btree (content_type_id);


--
-- Name: auth_user_groups_group_id_97559544; Type: INDEX; Schema: public; Owner: wiki_user
--

CREATE INDEX auth_user_groups_group_id_97559544 ON public.auth_user_groups USING btree (group_id);


--
-- Name: auth_user_groups_user_id_6a12ed8b; Type: INDEX; Schema: public; Owner: wiki_user
--

CREATE INDEX auth_user_groups_user_id_6a12ed8b ON public.auth_user_groups USING btree (user_id);


--
-- Name: auth_user_user_permissions_permission_id_1fbb5f2c; Type: INDEX; Schema: public; Owner: wiki_user
--

CREATE INDEX auth_user_user_permissions_permission_id_1fbb5f2c ON public.auth_user_user_permissions USING btree (permission_id);


--
-- Name: auth_user_user_permissions_user_id_a95ead1b; Type: INDEX; Schema: public; Owner: wiki_user
--

CREATE INDEX auth_user_user_permissions_user_id_a95ead1b ON public.auth_user_user_permissions USING btree (user_id);


--
-- Name: auth_user_username_6821ab7c_like; Type: INDEX; Schema: public; Owner: wiki_user
--

CREATE INDEX auth_user_username_6821ab7c_like ON public.auth_user USING btree (username varchar_pattern_ops);


--
-- Name: campaigns_campaign_slug_08eb9673_like; Type: INDEX; Schema: public; Owner: wiki_user
--

CREATE INDEX campaigns_campaign_slug_08eb9673_like ON public.campaigns_campaign USING btree (slug varchar_pattern_ops);


--
-- Name: campaigns_campaign_title_0b1fffe2_like; Type: INDEX; Schema: public; Owner: wiki_user
--

CREATE INDEX campaigns_campaign_title_0b1fffe2_like ON public.campaigns_campaign USING btree (title varchar_pattern_ops);


--
-- Name: characters_character_campaign_id_53a808c0; Type: INDEX; Schema: public; Owner: wiki_user
--

CREATE INDEX characters_character_campaign_id_53a808c0 ON public.characters_character USING btree (campaign_id);


--
-- Name: django_admin_log_content_type_id_c4bce8eb; Type: INDEX; Schema: public; Owner: wiki_user
--

CREATE INDEX django_admin_log_content_type_id_c4bce8eb ON public.django_admin_log USING btree (content_type_id);


--
-- Name: django_admin_log_user_id_c564eba6; Type: INDEX; Schema: public; Owner: wiki_user
--

CREATE INDEX django_admin_log_user_id_c564eba6 ON public.django_admin_log USING btree (user_id);


--
-- Name: django_session_expire_date_a5c62663; Type: INDEX; Schema: public; Owner: wiki_user
--

CREATE INDEX django_session_expire_date_a5c62663 ON public.django_session USING btree (expire_date);


--
-- Name: django_session_session_key_c0390e0f_like; Type: INDEX; Schema: public; Owner: wiki_user
--

CREATE INDEX django_session_session_key_c0390e0f_like ON public.django_session USING btree (session_key varchar_pattern_ops);


--
-- Name: auth_group_permissions auth_group_permissio_permission_id_84c5c92e_fk_auth_perm; Type: FK CONSTRAINT; Schema: public; Owner: wiki_user
--

ALTER TABLE ONLY public.auth_group_permissions
    ADD CONSTRAINT auth_group_permissio_permission_id_84c5c92e_fk_auth_perm FOREIGN KEY (permission_id) REFERENCES public.auth_permission(id) DEFERRABLE INITIALLY DEFERRED;


--
-- Name: auth_group_permissions auth_group_permissions_group_id_b120cbf9_fk_auth_group_id; Type: FK CONSTRAINT; Schema: public; Owner: wiki_user
--

ALTER TABLE ONLY public.auth_group_permissions
    ADD CONSTRAINT auth_group_permissions_group_id_b120cbf9_fk_auth_group_id FOREIGN KEY (group_id) REFERENCES public.auth_group(id) DEFERRABLE INITIALLY DEFERRED;


--
-- Name: auth_permission auth_permission_content_type_id_2f476e4b_fk_django_co; Type: FK CONSTRAINT; Schema: public; Owner: wiki_user
--

ALTER TABLE ONLY public.auth_permission
    ADD CONSTRAINT auth_permission_content_type_id_2f476e4b_fk_django_co FOREIGN KEY (content_type_id) REFERENCES public.django_content_type(id) DEFERRABLE INITIALLY DEFERRED;


--
-- Name: auth_user_groups auth_user_groups_group_id_97559544_fk_auth_group_id; Type: FK CONSTRAINT; Schema: public; Owner: wiki_user
--

ALTER TABLE ONLY public.auth_user_groups
    ADD CONSTRAINT auth_user_groups_group_id_97559544_fk_auth_group_id FOREIGN KEY (group_id) REFERENCES public.auth_group(id) DEFERRABLE INITIALLY DEFERRED;


--
-- Name: auth_user_groups auth_user_groups_user_id_6a12ed8b_fk_auth_user_id; Type: FK CONSTRAINT; Schema: public; Owner: wiki_user
--

ALTER TABLE ONLY public.auth_user_groups
    ADD CONSTRAINT auth_user_groups_user_id_6a12ed8b_fk_auth_user_id FOREIGN KEY (user_id) REFERENCES public.auth_user(id) DEFERRABLE INITIALLY DEFERRED;


--
-- Name: auth_user_user_permissions auth_user_user_permi_permission_id_1fbb5f2c_fk_auth_perm; Type: FK CONSTRAINT; Schema: public; Owner: wiki_user
--

ALTER TABLE ONLY public.auth_user_user_permissions
    ADD CONSTRAINT auth_user_user_permi_permission_id_1fbb5f2c_fk_auth_perm FOREIGN KEY (permission_id) REFERENCES public.auth_permission(id) DEFERRABLE INITIALLY DEFERRED;


--
-- Name: auth_user_user_permissions auth_user_user_permissions_user_id_a95ead1b_fk_auth_user_id; Type: FK CONSTRAINT; Schema: public; Owner: wiki_user
--

ALTER TABLE ONLY public.auth_user_user_permissions
    ADD CONSTRAINT auth_user_user_permissions_user_id_a95ead1b_fk_auth_user_id FOREIGN KEY (user_id) REFERENCES public.auth_user(id) DEFERRABLE INITIALLY DEFERRED;


--
-- Name: characters_character characters_character_campaign_id_53a808c0_fk_campaigns; Type: FK CONSTRAINT; Schema: public; Owner: wiki_user
--

ALTER TABLE ONLY public.characters_character
    ADD CONSTRAINT characters_character_campaign_id_53a808c0_fk_campaigns FOREIGN KEY (campaign_id) REFERENCES public.campaigns_campaign(id) DEFERRABLE INITIALLY DEFERRED;


--
-- Name: characters_nonplayercharacter characters_nonplayer_character_ptr_id_d199aef6_fk_character; Type: FK CONSTRAINT; Schema: public; Owner: wiki_user
--

ALTER TABLE ONLY public.characters_nonplayercharacter
    ADD CONSTRAINT characters_nonplayer_character_ptr_id_d199aef6_fk_character FOREIGN KEY (character_ptr_id) REFERENCES public.characters_character(id) DEFERRABLE INITIALLY DEFERRED;


--
-- Name: characters_playercharacter characters_playercha_character_ptr_id_c685cdd6_fk_character; Type: FK CONSTRAINT; Schema: public; Owner: wiki_user
--

ALTER TABLE ONLY public.characters_playercharacter
    ADD CONSTRAINT characters_playercha_character_ptr_id_c685cdd6_fk_character FOREIGN KEY (character_ptr_id) REFERENCES public.characters_character(id) DEFERRABLE INITIALLY DEFERRED;


--
-- Name: django_admin_log django_admin_log_content_type_id_c4bce8eb_fk_django_co; Type: FK CONSTRAINT; Schema: public; Owner: wiki_user
--

ALTER TABLE ONLY public.django_admin_log
    ADD CONSTRAINT django_admin_log_content_type_id_c4bce8eb_fk_django_co FOREIGN KEY (content_type_id) REFERENCES public.django_content_type(id) DEFERRABLE INITIALLY DEFERRED;


--
-- Name: django_admin_log django_admin_log_user_id_c564eba6_fk_auth_user_id; Type: FK CONSTRAINT; Schema: public; Owner: wiki_user
--

ALTER TABLE ONLY public.django_admin_log
    ADD CONSTRAINT django_admin_log_user_id_c564eba6_fk_auth_user_id FOREIGN KEY (user_id) REFERENCES public.auth_user(id) DEFERRABLE INITIALLY DEFERRED;


--
-- PostgreSQL database dump complete
--

